ID;Gender;Height (m);Weight (kg);Shoe Size (UK)
1;M;1.72;65;8
2;M;1.68;61;7.5
3;M;1.75;68;9
4;M;1.70;63;8
5;M;1.73;66;8.5
6;M;1.66;59;7
7;M;1.78;72;10
8;M;1.71;64;8
9;M;1.69;62;7.5
10;M;1.74;67;9
11;M;1.67;60;7
12;M;1.76;70;9.5
13;M;1.72;65;8.5
14;M;1.70;63;8
15;M;1.68;60;7.5
16;M;1.75;69;9
17;M;1.71;64;8
18;M;1.73;67;8.5
19;M;1.65;58;6.5
20;M;1.77;71;9.5
21;M;1.72;66;8
22;M;1.69;61;7.5
23;M;1.74;68;9
24;M;1.71;63;8
25;M;1.68;59;7
26;M;1.76;71;9.5
27;M;1.70;64;8
28;M;1.73;66;8.5
29;M;1.67;61;7.5
30;M;1.75;68;9
31;M;1.72;65;8
32;M;1.69;62;7.5
33;M;1.78;73;10
34;M;1.71;64;8
35;M;1.66;58;7
36;M;1.74;67;8.5
37;M;1.70;63;8
38;M;1.73;66;8.5
39;M;1.68;60;7.5
40;M;1.76;70;9.5
41;M;1.71;65;8
42;M;1.97;59;7
43;M;1.75;69;9
44;M;1.72;64;8
45;M;1.69;62;7.5
46;M;1.74;68;9
47;M;1.70;63;8
48;M;1.73;67;8.5
49;M;1.68;61;7.5
50;M;1.77;72;9.5
51;F;1.58;54;4.5
52;F;1.61;58;5.5
53;F;1.56;52;4
54;F;1.63;60;6
55;F;1.59;56;5
56;F;1.57;53;4.5
57;F;1.62;59;6
58;F;1.60;57;5.5
59;F;1.55;51;4
60;F;1.64;62;6.5
61;F;1.59;55;5
62;F;1.58;54;4.5
63;F;1.62;59;6
64;F;1.60;56;5.5
65;F;1.56;52;4
66;F;1.63;61;6
67;F;1.59;55;5
68;F;1.61;58;5.5
69;F;1.57;53;4.5
70;F;1.65;63;6.5
71;F;1.60;56;5
72;F;1.58;54;4.5
73;F;1.62;60;6
74;F;1.59;55;5
75;F;1.55;50;4
76;F;1.64;62;6.5
77;F;1.60;57;5.5
78;F;1.58;53;4.5
79;F;1.62;59;6
80;F;1.59;56;5
81;F;1.57;52;4.5
82;F;1.63;61;6
83;F;1.60;57;5.5
84;F;1.56;51;4
85;F;1.61;58;5.5
86;F;1.59;55;5
87;F;1.58;54;4.5
88;F;1.64;62;6.5
89;F;1.60;56;5.5
90;F;1.57;53;4.5
91;F;1.62;60;6
92;F;1.59;55;5
93;F;1.56;51;4
94;F;1.63;61;6
95;F;1.60;57;5.5
96;F;1.58;53;4.5
97;F;1.61;58;55
98;F;1.59;56;5
99;F;1.57;52;4.5
100;F;1.65;64;6.5
