Item Code,Item
1334,Fung & Bact – Benzimidazoles
1338,Fung & Bact - Biopesticides
1336,Fung & Bact – Diazines; morpholines
1333,Fung & Bact – Dithiocarbamates
1332,Fung & Bact – Inorganics
1337,Fung & Bact - nes
1335,Fung & Bact – Triazoles; diazoles
1331,Fungicides and Bactericides
1320,Herbicides
1323,Herbicides – Amides
1308,Herbicides - Biopesticides
1329,Herbicides – Bipiridils
1324,Herbicides – Carbamates
1325,Herbicides – Dinitroanilines
1327,Herbicides - nes
1321,Herbicides – Phenoxy hormone products
1328,Herbicides – Sulfonyl ureas
1322,Herbicides – Triazines
1330,Herbicides – Uracil
1326,Herbicides – Urea derivates
1309,Insecticides
1314,Insecticides - Biopesticides
1312,Insecticides – Carbamates
1310,Insecticides – Chlorinated Hydrocarbons
1315,Insecticides - nes
1311,Insecticides – Organo-phosphates
1313,Insecticides – Pyrethroids
1316,Mineral Oils
1354,Mineral Oils
1355,Other Pesticides nes
1357,Pesticides (total)
1341,Plant Growth Regulators
1345,Rodenticides
1346,Rodenticides – Anti-coagulants
1348,Rodenticides – Cyanide Generators
1349,Rodenticides – Hypercalcaemics
1350,Rodenticides – Narcotics
1347,Rodenticides – Other
